pollster,date,sample,con,lab,lib,green,ukip
BMG,2020-01-10,1508,0.44,0.29,0.11,0.05,0.04
Opinium,2020-01-17,1978,0.47,0.3,0.09,0.04,0.03
YouGov,2020-01-26,1628,0.49,0.29,0.1,0.04,0.02
Survation,2020-01-31,1015,0.44,0.33,0.1,0.03,0.03
YouGov,2020-02-02,1575,0.49,0.3,0.08,0.05,0.02
Ipsos,2020-02-03,1001,0.47,0.3,0.11,0.05,0.01
BMG,2020-02-07,1503,0.41,0.29,0.11,0.08,0.03
YouGov,2020-02-10,1694,0.48,0.28,0.1,0.06,0.02
Redfield & Wilton,2020-02-12,1216,0.49,0.31,0.09,0.04,NA
Opinium,2020-02-14,2007,0.47,0.32,0.07,0.04,0.02
Savanta ComRes,2020-02-20,2005,0.47,0.31,0.09,0.04,0.03
BMG,2020-03-06,1498,0.45,0.28,0.11,0.06,0.03
Kantar,2020-03-09,1171,0.5,0.29,0.11,0.01,0.02
Opinium,2020-03-13,2005,0.49,0.32,0.06,0.05,0
Ipsos,2020-03-16,1003,0.52,0.3,0.09,0.04,0
Opinium,2020-03-20,2005,0.51,0.31,0.07,0.03,0
Redfield & Wilton,2020-03-23,1500,0.47,0.29,0.08,0.05,NA
Number Cruncher Politics,2020-03-26,1010,0.54,0.28,0.07,0.04,0.02
Opinium,2020-03-27,2006,0.54,0.28,0.06,0.03,0
Redfield & Wilton,2020-04-02,2000,0.49,0.29,0.08,0.04,NA
YouGov,2020-04-02,1631,0.52,0.28,0.08,0.05,0.01
Opinium,2020-04-03,2000,0.53,0.3,0.07,0.03,0
Opinium,2020-04-09,2005,0.55,0.29,0.05,0.04,0
BMG,2020-04-09,1541,0.46,0.29,0.1,0.06,0.02
Redfield & Wilton,2020-04-17,1500,0.52,0.31,0.08,0.03,NA
YouGov,2020-04-17,2015,0.53,0.32,0.05,0.03,0.01
Opinium,2020-04-17,2000,0.51,0.32,0.06,0.03,0
Kantar,2020-04-20,1118,0.54,0.28,0.09,0.04,0.01
Opinium,2020-04-23,2000,0.5,0.33,0.07,0.03,0
Redfield & Wilton,2020-04-26,1500,0.5,0.33,0.07,0.04,NA
Survation,2020-04-28,1023,0.48,0.31,0.08,0.05,0.01
Opinium,2020-05-01,1072,0.51,0.33,0.06,0.03,0
Redfield & Wilton,2020-05-06,1500,0.5,0.31,0.07,0.05,NA
YouGov,2020-05-06,1667,0.5,0.3,0.07,0.05,0.03
Opinium,2020-05-07,1053,0.49,0.33,0.06,0.05,0
Kantar,2020-05-11,1130,0.51,0.32,0.07,0.02,0.02
Opinium,2020-05-14,1062,0.49,0.34,0.06,0.03,NA
Redfield & Wilton,2020-05-15,1500,0.47,0.35,0.09,0.03,NA
Savanta ComRes,2020-05-17,2079,0.46,0.33,0.07,0.04,0.02
YouGov,2020-05-19,1718,0.48,0.33,0.06,0.05,0.02
Opinium,2020-05-22,2008,0.47,0.35,0.06,0.03,NA
YouGov,2020-05-26,1629,0.44,0.38,0.06,0.04,0.02
Survation,2020-05-26,1040,0.46,0.33,0.08,0.04,0
Redfield & Wilton,2020-05-27,1500,0.43,0.37,0.09,0.03,NA
YouGov,2020-05-27,2029,0.43,0.38,0.06,0.04,0.03
Deltapoll,2020-05-28,1557,0.43,0.38,0.08,0.04,0.02
Opinium,2020-05-29,2012,0.43,0.39,0.06,0.03,NA
YouGov,2020-05-30,1650,0.45,0.35,0.06,0.05,0.02
Redfield & Wilton,2020-06-03,1500,0.43,0.36,0.09,0.05,NA
Survation,2020-06-03,1018,0.41,0.39,0.07,0.04,0.01
Opinium,2020-06-05,2002,0.43,0.4,0.06,0.03,NA
Deltapoll,2020-06-05,1547,0.41,0.38,0.08,0.04,0.03
Survation,2020-06-10,1062,0.42,0.36,0.08,0.04,0.01
Ipsos,2020-06-10,1059,0.43,0.38,0.1,0.01,0.03
Redfield & Wilton,2020-06-11,1500,0.41,0.39,0.09,0.04,NA
Opinium,2020-06-12,2001,0.44,0.39,0.06,0.02,NA
YouGov,2020-06-12,1693,0.45,0.37,0.06,0.04,0.02
Savanta ComRes,2020-06-14,2106,0.4,0.36,0.09,0.03,0.03
Kantar,2020-06-15,1124,0.43,0.35,0.08,0.04,0.02
Redfield & Wilton,2020-06-18,2000,0.43,0.38,0.08,0.04,NA
Opinium,2020-06-19,2001,0.44,0.4,0.05,0.03,NA
Redfield & Wilton,2020-06-25,2000,0.44,0.38,0.07,0.04,NA
Survation,2020-06-25,2003,0.43,0.36,0.08,0.04,0
Opinium,2020-06-26,2001,0.43,0.39,0.06,0.04,NA
YouGov,2020-06-28,1626,0.45,0.37,0.05,0.04,0.02
Redfield & Wilton,2020-07-01,2000,0.42,0.38,0.08,0.05,NA
Deltapoll,2020-07-03,1549,0.41,0.36,0.07,0.05,0.04
Opinium,2020-07-03,2002,0.41,0.37,0.08,0.04,NA
Survation,2020-07-06,1012,0.44,0.37,0.07,0.04,0
Redfield & Wilton,2020-07-08,2000,0.44,0.39,0.07,0.04,NA
YouGov,2020-07-09,1614,0.46,0.36,0.06,0.03,0.02
Opinium,2020-07-10,2002,0.42,0.38,0.06,0.04,NA
Deltapoll,2020-07-10,1541,0.44,0.38,0.07,0.03,0.03
Survation,2020-07-12,2022,0.42,0.36,0.08,0.05,0.01
Kantar,2020-07-13,1131,0.45,0.35,0.09,0.02,0.02
Redfield & Wilton,2020-07-15,2000,0.44,0.37,0.08,0.04,NA
Opinium,2020-07-17,2003,0.44,0.36,0.06,0.04,NA
Savanta ComRes,2020-07-19,2085,0.43,0.37,0.06,0.02,0.02
Redfield & Wilton,2020-07-22,2000,0.44,0.36,0.08,0.05,NA
YouGov,2020-07-23,1648,0.44,0.35,0.07,0.04,0.03
Opinium,2020-07-24,2002,0.42,0.38,0.06,0.04,NA
Redfield & Wilton,2020-07-29,2000,0.43,0.38,0.07,0.04,NA
Opinium,2020-07-31,2002,0.41,0.38,0.06,0.04,NA
YouGov,2020-07-31,1623,0.43,0.35,0.06,0.05,0.03
Survation,2020-08-03,1019,0.44,0.35,0.08,0.05,0
Ipsos,2020-08-04,1019,0.45,0.37,0.06,0.05,0.01
YouGov,2020-08-05,1606,0.42,0.36,0.08,0.05,0.02
Kantar,2020-08-10,1161,0.42,0.35,0.08,0.03,0.03
Redfield & Wilton,2020-08-12,2000,0.43,0.36,0.09,0.04,NA
YouGov,2020-08-12,1634,0.44,0.35,0.05,0.05,0.03
Opinium,2020-08-14,2005,0.42,0.39,0.05,0.03,NA
Savanta ComRes,2020-08-16,2083,0.42,0.37,0.07,0.03,0.02
Redfield & Wilton,2020-08-19,2000,0.44,0.37,0.07,0.04,NA
YouGov,2020-08-19,1652,0.4,0.38,0.06,0.06,0.04
Survation,2020-08-21,1005,0.41,0.37,0.09,0.04,0.01
Redfield & Wilton,2020-08-24,2000,0.42,0.37,0.09,0.05,NA
YouGov,2020-08-25,1669,0.43,0.36,0.06,0.04,0.03
Opinium,2020-08-28,2002,0.4,0.4,0.06,0.03,NA
Redfield & Wilton,2020-09-02,2500,0.43,0.37,0.08,0.04,NA
YouGov,2020-09-04,1633,0.43,0.37,0.06,0.04,0.03
Survation,2020-09-04,1047,0.4,0.38,0.08,0.04,0.01
Number Cruncher Politics,2020-09-08,1001,0.42,0.38,0.06,0.05,0.02
YouGov,2020-09-09,1615,0.42,0.37,0.06,0.04,0.03
Opinium,2020-09-11,2001,0.42,0.39,0.06,0.04,NA
Redfield & Wilton,2020-09-16,2500,0.41,0.39,0.08,0.05,NA
Survation,2020-09-16,1003,0.4,0.38,0.07,0.04,0.01
YouGov,2020-09-17,1618,0.4,0.4,0.06,0.05,0.03
Ipsos,2020-09-18,1013,0.4,0.37,0.08,0.05,0
Savanta ComRes,2020-09-20,2109,0.4,0.37,0.08,0.03,0.03
Kantar,2020-09-21,1125,0.4,0.38,0.09,0.04,0.03
Redfield & Wilton,2020-09-23,2500,0.4,0.4,0.07,0.05,NA
YouGov,2020-09-24,1623,0.41,0.38,0.06,0.05,0.03
Deltapoll,2020-09-25,1583,0.42,0.38,0.06,0.04,0.03
Opinium,2020-09-25,2002,0.39,0.42,0.05,0.04,NA
Savanta ComRes,2020-09-28,2112,0.41,0.38,0.08,0.03,0.02
YouGov,2020-09-30,1700,0.39,0.39,0.06,0.05,0.04
Redfield & Wilton,2020-10-01,4000,0.39,0.39,0.08,0.05,NA
Savanta ComRes,2020-10-04,2081,0.42,0.39,0.07,0.03,0.02
Survation,2020-10-06,1022,0.41,0.37,0.07,0.04,0.01
Redfield & Wilton,2020-10-07,3000,0.41,0.39,0.08,0.04,NA
YouGov,2020-10-07,1673,0.41,0.38,0.05,0.06,0.03
Opinium,2020-10-09,2001,0.4,0.4,0.06,0.03,NA
Savanta ComRes,2020-10-11,2123,0.39,0.39,0.07,0.04,0.03
YouGov,2020-10-15,1675,0.39,0.38,0.06,0.06,0.05
Number Cruncher Politics,2020-10-17,2088,0.41,0.38,0.05,0.06,0.04
Savanta ComRes,2020-10-18,2274,0.42,0.36,0.08,0.03,0.02
Redfield & Wilton,2020-10-21,3000,0.4,0.4,0.07,0.04,NA
YouGov,2020-10-22,1665,0.4,0.39,0.07,0.05,0.03
Opinium,2020-10-23,2002,0.38,0.4,0.06,0.05,NA
Deltapoll,2020-10-24,1589,0.42,0.39,0.07,0.03,0.03
Savanta ComRes,2020-10-26,2111,0.42,0.39,0.07,0.03,0.02
Redfield & Wilton,2020-10-28,3000,0.39,0.41,0.07,0.04,NA
Ipsos,2020-10-28,1007,0.37,0.42,0.08,0.05,0.01
YouGov,2020-10-29,1658,0.38,0.38,0.06,0.05,0.04
Savanta ComRes,2020-11-02,2126,0.4,0.4,0.07,0.03,0.02
YouGov,2020-11-05,1665,0.35,0.4,0.07,0.04,0.06
Opinium,2020-11-06,2003,0.38,0.42,0.07,0.03,NA
Survation,2020-11-06,1034,0.39,0.37,0.09,0.04,0.02
Savanta ComRes,2020-11-09,2130,0.4,0.36,0.08,0.05,0.02
Kantar,2020-11-09,1141,0.4,0.36,0.08,0.05,0.02
Redfield & Wilton,2020-11-11,2500,0.4,0.4,0.07,0.05,NA
YouGov,2020-11-12,1632,0.38,0.4,0.05,0.05,0.04
Savanta ComRes,2020-11-15,2075,0.41,0.38,0.05,0.04,0.02
YouGov,2020-11-18,1700,0.38,0.37,0.07,0.06,0.04
Redfield & Wilton,2020-11-19,2500,0.4,0.39,0.08,0.04,NA
Opinium,2020-11-20,2001,0.41,0.38,0.06,0.04,NA
Savanta ComRes,2020-11-22,1272,0.39,0.37,0.07,0.04,0.03
YouGov,2020-11-27,1696,0.37,0.4,0.05,0.05,0.05
Deltapoll,2020-11-28,1525,0.37,0.38,0.09,0.04,0.03
Number Cruncher Politics,2020-11-28,1001,0.39,0.37,0.07,0.05,0.04
Savanta ComRes,2020-11-29,1428,0.39,0.38,0.08,0.03,0.03
Redfield & Wilton,2020-12-02,2000,0.4,0.37,0.09,0.06,NA
YouGov,2020-12-03,1706,0.38,0.38,0.06,0.05,0.03
Opinium,2020-12-04,2002,0.38,0.4,0.06,0.03,NA
Opinium,2020-12-08,6949,0.4,0.38,0.06,0.04,0
YouGov,2020-12-09,1699,0.37,0.37,0.08,0.06,0.05
Survation,2020-12-10,3452,0.39,0.37,0.08,0.05,0.01
Ipsos,2020-12-10,1027,0.41,0.41,0.06,0.05,0
Savanta ComRes,2020-12-13,1295,0.38,0.37,0.08,0.05,0.04
Kantar,2020-12-14,1137,0.38,0.37,0.1,0.03,0.03
YouGov,2020-12-16,1898,0.39,0.37,0.06,0.06,0.04
Opinium,2020-12-17,2001,0.39,0.39,0.06,0.04,NA
Savanta ComRes,2020-12-21,1433,0.41,0.39,0.08,0.04,0.02
Survation,2020-12-22,1011,0.39,0.38,0.08,0.04,0.01
YouGov,2020-12-22,1713,0.37,0.41,0.05,0.05,0.04
Focaldata (MRP),2020-12-29,22186,0.36,0.38,0.09,0.07,0.04
Deltapoll,2020-12-30,1608,0.43,0.38,0.04,0.05,0.03
YouGov,2021-01-05,1704,0.39,0.39,0.06,0.06,0.03
Opinium,2021-01-07,2003,0.39,0.4,0.06,0.04,NA
Savanta ComRes,2021-01-10,1550,0.4,0.37,0.08,0.04,0.02
Redfield & Wilton,2021-01-11,2000,0.41,0.37,0.08,0.05,0.02
Survation,2021-01-13,1033,0.4,0.38,0.07,0.05,0.01
YouGov,2021-01-14,1702,0.38,0.39,0.05,0.06,0.03
Opinium,2021-01-15,2003,0.37,0.41,0.06,0.04,NA
Savanta ComRes,2021-01-17,1914,0.39,0.37,0.07,0.03,0.02
Redfield & Wilton,2021-01-18,2000,0.4,0.38,0.08,0.05,0.02
YouGov,2021-01-22,1703,0.39,0.38,0.05,0.06,0.04
Deltapoll,2021-01-23,1632,0.41,0.39,0.07,0.03,0.02
Savanta ComRes,2021-01-24,2070,0.4,0.37,0.08,0.03,0.02
Redfield & Wilton,2021-01-25,2000,0.42,0.37,0.08,0.04,0.03
Kantar,2021-01-25,1100,0.4,0.37,0.1,0.05,0.02
YouGov,2021-01-27,1721,0.37,0.41,0.06,0.04,0.03
Opinium,2021-01-29,2002,0.41,0.38,0.07,0.04,0.01
Savanta ComRes,2021-01-31,2288,0.41,0.38,0.06,0.03,0.02
Redfield & Wilton,2021-02-01,2000,0.4,0.38,0.08,0.04,0.03
Number Cruncher Politics,2021-02-01,2001,0.43,0.37,0.05,0.05,0.03
FindOutNow,2021-02-02,5002,0.39,0.38,0.07,0.06,0.03
YouGov,2021-02-03,1684,0.41,0.37,0.06,0.06,0.03
Ipsos,2021-02-04,1056,0.42,0.38,0.07,0.08,0
Survation,2021-02-06,1003,0.39,0.33,0.09,0.07,NA
Savanta ComRes,2021-02-07,2119,0.41,0.37,0.08,0.04,0.02
Redfield & Wilton,2021-02-08,2000,0.43,0.38,0.07,0.04,0.02
YouGov,2021-02-10,1660,0.41,0.36,0.06,0.07,0.03
Opinium,2021-02-12,2006,0.42,0.37,0.06,0.05,0
Savanta ComRes,2021-02-14,2170,0.42,0.37,0.07,0.03,0.02
Redfield & Wilton,2021-02-15,2000,0.41,0.39,0.08,0.05,0.02
YouGov,2021-02-18,1663,0.4,0.37,0.07,0.06,0.03
Savanta ComRes,2021-02-21,2189,0.4,0.38,0.07,0.03,0.03
Redfield & Wilton,2021-02-22,2000,0.43,0.37,0.07,0.05,0.03
Kantar,2021-02-22,1114,0.4,0.33,0.11,0.06,0.03
Survation,2021-02-25,1002,0.42,0.34,0.07,0.06,NA
YouGov,2021-02-26,1637,0.41,0.36,0.05,0.07,0.03
Opinium,2021-02-26,2003,0.43,0.36,0.07,0.04,0
Deltapoll,2021-02-26,1527,0.42,0.38,0.06,0.04,0.03
Savanta ComRes,2021-02-28,2182,0.43,0.36,0.07,0.03,0.03
Redfield & Wilton,2021-03-01,1500,0.44,0.38,0.07,0.03,0.02
YouGov,2021-03-04,1715,0.45,0.32,0.06,0.07,0.03
Savanta ComRes,2021-03-07,2129,0.42,0.36,0.08,0.04,0.03
Redfield & Wilton,2021-03-08,2000,0.45,0.36,0.07,0.04,0.03
YouGov,2021-03-10,1680,0.42,0.33,0.07,0.06,0.03
Survation,2021-03-10,1037,0.43,0.33,0.09,0.05,0.01
Opinium,2021-03-12,2001,0.43,0.37,0.06,0.04,0
Ipsos,2021-03-12,1009,0.45,0.38,0.06,0.05,0
Savanta ComRes,2021-03-14,2092,0.39,0.37,0.08,0.04,0.03
Redfield & Wilton,2021-03-15,2000,0.43,0.36,0.07,0.05,0.03
Number Cruncher Politics,2021-03-16,1001,0.42,0.37,0.07,0.05,0.02
YouGov,2021-03-19,1692,0.43,0.34,0.05,0.07,0.03
BMG,2021-03-19,1498,0.39,0.37,0.09,0.06,0.03
Savanta ComRes,2021-03-21,2098,0.42,0.38,0.06,0.03,0.02
Redfield & Wilton,2021-03-22,2000,0.42,0.36,0.09,0.06,0.02
Opinium,2021-03-26,2002,0.41,0.37,0.06,0.05,0.01
YouGov,2021-03-26,1742,0.42,0.32,0.08,0.07,0.03
Deltapoll,2021-03-27,1610,0.44,0.36,0.06,0.04,0.03
Redfield & Wilton,2021-03-29,2000,0.44,0.36,0.07,0.04,0.02
Kantar,2021-03-29,1102,0.42,0.34,0.09,0.04,0.02
YouGov,2021-04-01,1736,0.42,0.34,0.07,0.06,0.03
Savanta ComRes,2021-04-04,2065,0.42,0.35,0.08,0.03,0.02
Redfield & Wilton,2021-04-05,2000,0.44,0.34,0.09,0.05,0.02
YouGov,2021-04-08,1708,0.41,0.34,0.06,0.06,0.03
Opinium,2021-04-09,2006,0.45,0.36,0.06,0.04,0
Deltapoll,2021-04-10,1608,0.45,0.36,0.06,0.04,0.04
Survation,2021-04-10,1009,0.43,0.35,0.08,0.04,NA
Savanta ComRes,2021-04-11,2174,0.42,0.35,0.07,0.04,0.02
Redfield & Wilton,2021-04-12,2000,0.43,0.36,0.07,0.05,0.03
YouGov,2021-04-14,1689,0.43,0.29,0.08,0.08,0.03
Savanta ComRes,2021-04-18,2094,0.43,0.34,0.07,0.04,0.01
Redfield & Wilton,2021-04-19,2000,0.44,0.34,0.1,0.04,0.03
Survation,2021-04-19,1008,0.4,0.34,0.09,0.07,NA
YouGov,2021-04-22,1730,0.44,0.34,0.05,0.07,0.02
Ipsos,2021-04-22,1090,0.4,0.37,0.08,0.05,0.02
Opinium,2021-04-23,2000,0.44,0.33,0.07,0.05,0
Savanta ComRes,2021-04-25,2144,0.42,0.35,0.08,0.03,0.02
Redfield & Wilton,2021-04-26,2000,0.44,0.34,0.08,0.04,0.03
BMG,2021-04-26,1500,0.39,0.35,0.09,0.06,0.03
Kantar,2021-04-26,1115,0.41,0.33,0.1,0.07,0.03
YouGov,2021-04-28,1803,0.44,0.33,0.07,0.07,0.03
Number Cruncher Politics,2021-04-29,1001,0.43,0.34,0.05,0.07,0.02
Survation,2021-04-29,1077,0.39,0.38,0.09,0.06,NA
Focaldata,2021-04-30,1555,0.4,0.39,0.06,0.04,0.03
Opinium,2021-04-30,2001,0.42,0.37,0.07,0.04,0
Savanta ComRes,2021-05-02,2242,0.4,0.36,0.08,0.04,0.02
Redfield & Wilton,2021-05-03,2000,0.4,0.38,0.07,0.05,0.03
YouGov,2021-05-05,1683,0.43,0.33,0.07,0.06,0.03
Panelbase,2021-05-05,1003,0.45,0.36,0.06,0.05,NA
Savanta ComRes,2021-05-09,2152,0.42,0.34,0.08,0.04,0.02
Redfield & Wilton,2021-05-10,2000,0.45,0.34,0.08,0.05,0.02
YouGov,2021-05-12,1647,0.45,0.3,0.07,0.08,0.02
Opinium,2021-05-14,2004,0.44,0.31,0.08,0.07,0
FindOutNow (MRP),2021-05-15,14715,0.43,0.3,0.11,0.09,0.02
Savanta ComRes,2021-05-16,2131,0.43,0.32,0.08,0.05,0.02
Redfield & Wilton,2021-05-17,2000,0.42,0.33,0.1,0.06,0.02
YouGov,2021-05-20,1699,0.46,0.28,0.08,0.08,0.02
Savanta ComRes,2021-05-23,2215,0.43,0.34,0.09,0.04,0.02
Redfield & Wilton,2021-05-24,2000,0.43,0.33,0.1,0.05,0.03
Survation,2021-05-26,1041,0.44,0.33,0.08,0.06,NA
Opinium,2021-05-28,2004,0.42,0.36,0.06,0.05,0.01
YouGov,2021-05-28,1705,0.43,0.29,0.08,0.08,0.03
Survation,2021-05-28,1010,0.43,0.33,0.1,0.05,NA
Number Cruncher Politics,2021-05-28,1001,0.44,0.32,0.07,0.08,0.02
Savanta ComRes,2021-05-30,2180,0.42,0.32,0.09,0.05,0.02
Redfield & Wilton,2021-05-31,2000,0.45,0.34,0.08,0.05,0.03
Survation,2021-06-02,1533,0.41,0.33,0.09,0.06,NA
YouGov,2021-06-03,1703,0.46,0.3,0.06,0.09,0.02
Ipsos,2021-06-03,1002,0.44,0.35,0.06,0.07,0
Savanta ComRes,2021-06-06,2089,0.44,0.32,0.08,0.05,0.02
Redfield & Wilton,2021-06-07,2000,0.43,0.36,0.07,0.05,0.01
Kantar,2021-06-07,1122,0.45,0.32,0.08,0.06,0.02
Survation,2021-06-10,2017,0.42,0.35,0.09,0.05,NA
YouGov,2021-06-10,1630,0.44,0.31,0.07,0.09,0.02
Opinium,2021-06-11,2002,0.43,0.34,0.06,0.07,NA
Deltapoll,2021-06-12,1608,0.46,0.34,0.07,0.05,0.02
Redfield & Wilton,2021-06-13,2000,0.44,0.34,0.09,0.05,0.02
Savanta ComRes,2021-06-13,2108,0.41,0.34,0.08,0.06,0.02
Number Cruncher Politics,2021-06-14,1517,0.45,0.34,0.05,0.07,0.03
Survation,2021-06-15,2024,0.41,0.33,0.08,0.07,NA
YouGov,2021-06-17,1642,0.45,0.31,0.06,0.07,0.04
Savanta ComRes,2021-06-20,2191,0.44,0.3,0.1,0.05,0.01
Deltapoll,2021-06-20,2343,0.41,0.35,0.1,0.05,0.02
Redfield & Wilton,2021-06-21,2000,0.44,0.33,0.1,0.04,0.03
YouGov,2021-06-24,1758,0.42,0.3,0.09,0.07,0.04
Opinium,2021-06-25,2000,0.43,0.35,0.07,0.05,NA
Survation,2021-06-26,1001,0.41,0.35,0.1,0.05,NA
Savanta ComRes,2021-06-27,2148,0.42,0.33,0.09,0.05,0.02
Redfield & Wilton,2021-06-28,2000,0.41,0.34,0.09,0.05,0.03
YouGov,2021-06-30,1762,0.42,0.31,0.1,0.06,0.03
Panelbase,2021-07-02,3391,0.44,0.33,0.1,0.05,NA
Savanta ComRes,2021-07-04,2176,0.41,0.35,0.08,0.04,0.03
Redfield & Wilton,2021-07-05,2000,0.43,0.34,0.08,0.06,0.04
YouGov,2021-07-08,2054,0.42,0.3,0.09,0.07,0.02
Ipsos,2021-07-08,1053,0.4,0.31,0.13,0.06,0
Opinium,2021-07-09,2001,0.43,0.35,0.06,0.06,NA
Savanta ComRes,2021-07-11,2137,0.4,0.35,0.09,0.06,0.02
Redfield & Wilton,2021-07-12,2000,0.41,0.33,0.12,0.06,0.03
Kantar,2021-07-12,1057,0.44,0.31,0.12,0.04,0.01
Survation,2021-07-13,2119,0.43,0.32,0.09,0.06,NA
YouGov,2021-07-16,1761,0.44,0.31,0.08,0.06,0.03
Savanta ComRes,2021-07-18,2127,0.41,0.34,0.08,0.05,0.02
Redfield & Wilton,2021-07-19,2000,0.42,0.33,0.1,0.05,0.03
Survation,2021-07-20,1032,0.39,0.35,0.11,0.05,NA
YouGov,2021-07-21,1667,0.38,0.34,0.09,0.08,0.03
Survation,2021-07-23,1013,0.39,0.37,0.1,0.05,NA
Opinium,2021-07-23,2000,0.43,0.35,0.08,0.05,NA
Redfield & Wilton,2021-07-25,2000,0.4,0.36,0.09,0.06,0.04
Savanta ComRes,2021-07-25,2161,0.4,0.34,0.1,0.04,0.02
Deltapoll,2021-07-26,1590,0.42,0.37,0.06,0.06,0.02
YouGov,2021-07-29,1637,0.39,0.34,0.08,0.09,0.03
Savanta ComRes,2021-08-01,2100,0.4,0.34,0.1,0.06,0.01
Redfield & Wilton,2021-08-02,2000,0.41,0.34,0.11,0.06,0.03
Opinium,2021-08-06,2000,0.42,0.35,0.07,0.05,NA
YouGov,2021-08-06,1730,0.41,0.33,0.08,0.07,0.03
Savanta ComRes,2021-08-08,2047,0.41,0.33,0.1,0.04,0.02
Redfield & Wilton,2021-08-09,2000,0.4,0.37,0.09,0.06,0.03
Ipsos,2021-08-09,1113,0.41,0.3,0.13,0.08,0
YouGov,2021-08-12,2169,0.4,0.32,0.09,0.07,0.02
Savanta ComRes,2021-08-15,2075,0.41,0.34,0.09,0.04,0.02
Redfield & Wilton,2021-08-16,2000,0.4,0.36,0.1,0.05,0.03
YouGov,2021-08-18,1703,0.4,0.32,0.09,0.08,0.03
Opinium,2021-08-20,2003,0.39,0.36,0.08,0.06,NA
Savanta ComRes,2021-08-22,2083,0.41,0.34,0.09,0.04,0.02
Redfield & Wilton,2021-08-23,2000,0.43,0.33,0.1,0.06,0.03
Kantar,2021-08-23,1094,0.37,0.34,0.14,0.05,0.02
YouGov,2021-08-26,1703,0.39,0.31,0.08,0.09,0.04
Redfield & Wilton,2021-08-29,2000,0.41,0.33,0.09,0.05,0.04
Savanta ComRes,2021-08-29,2062,0.4,0.34,0.1,0.05,0.02
Opinium,2021-09-03,2014,0.4,0.35,0.07,0.06,NA
YouGov,2021-09-03,1653,0.38,0.34,0.08,0.1,0.03
Deltapoll,2021-09-03,1589,0.41,0.33,0.09,0.07,0.03
Savanta ComRes,2021-09-05,2087,0.4,0.36,0.09,0.04,0.03
Redfield & Wilton,2021-09-06,2000,0.41,0.32,0.11,0.06,0.04
FindOutNow (MRP),2021-09-08,10673,0.37,0.33,0.12,0.08,0.04
Omnisis,2021-09-08,993,0.34,0.39,0.09,0.06,0.03
YouGov,2021-09-09,1657,0.33,0.35,0.1,0.09,0.05
Opinium,2021-09-11,2059,0.38,0.38,0.08,0.06,NA
Savanta ComRes,2021-09-12,2097,0.39,0.35,0.09,0.06,0.03
Redfield & Wilton,2021-09-13,2000,0.39,0.35,0.09,0.06,0.05
Survation,2021-09-14,2164,0.4,0.36,0.09,0.05,NA
YouGov,2021-09-16,1635,0.39,0.35,0.07,0.07,0.03
Panelbase,2021-09-16,3938,0.41,0.36,0.1,0.05,NA
Opinium,2021-09-17,2000,0.4,0.37,0.07,0.06,NA
Savanta ComRes,2021-09-19,2112,0.4,0.35,0.09,0.05,0.02
Redfield & Wilton,2021-09-20,2000,0.41,0.35,0.08,0.07,0.03
Survation,2021-09-22,1060,0.4,0.35,0.08,0.04,NA
YouGov,2021-09-23,1690,0.39,0.32,0.1,0.09,0.03
Ipsos,2021-09-23,1008,0.39,0.36,0.09,0.06,0
Redfield & Wilton,2021-09-27,2000,0.41,0.35,0.1,0.05,0.03
Kantar,2021-09-27,1089,0.43,0.3,0.11,0.06,0.03
Survation,2021-09-29,1001,0.41,0.36,0.08,0.05,NA
YouGov,2021-09-29,1833,0.39,0.31,0.08,0.09,0.04
Opinium,2021-10-01,2004,0.39,0.35,0.08,0.06,NA
Savanta ComRes,2021-10-03,2095,0.4,0.35,0.09,0.04,0.03
Redfield & Wilton,2021-10-04,2000,0.4,0.37,0.1,0.04,0.03
Omnisis,2021-10-05,1007,0.34,0.39,0.07,0.08,0.04
YouGov,2021-10-06,1667,0.39,0.31,0.09,0.09,0.04
Survation,2021-10-07,1040,0.39,0.35,0.09,0.05,0.03
Savanta ComRes,2021-10-10,2103,0.4,0.35,0.08,0.05,0.02
Redfield & Wilton,2021-10-11,2000,0.4,0.36,0.09,0.06,0.04
Omnisis,2021-10-12,501,0.37,0.34,0.07,0.08,0.04
YouGov,2021-10-13,1659,0.41,0.31,0.09,0.08,0.04
Deltapoll,2021-10-15,3043,0.38,0.37,0.09,0.06,0.02
Opinium,2021-10-15,2000,0.41,0.37,0.07,0.05,NA
Savanta ComRes,2021-10-17,2092,0.4,0.35,0.08,0.05,0.03
Redfield & Wilton,2021-10-18,2000,0.4,0.37,0.09,0.05,0.03
Kantar,2021-10-18,1075,0.39,0.34,0.08,0.08,0.02
Number Cruncher Politics,2021-10-18,1000,0.4,0.32,0.06,0.09,0.03
YouGov,2021-10-21,1677,0.37,0.33,0.09,0.1,0.04
Savanta ComRes,2021-10-24,2092,0.37,0.35,0.08,0.07,0.04
Redfield & Wilton,2021-10-25,2000,0.39,0.36,0.1,0.06,0.04
YouGov,2021-10-28,1699,0.39,0.33,0.08,0.1,0.03
Opinium,2021-10-29,2001,0.4,0.35,0.08,0.07,NA
Savanta ComRes,2021-10-31,2242,0.4,0.35,0.09,0.04,0.03
Redfield & Wilton,2021-11-01,2000,0.4,0.35,0.1,0.06,0.03
Omnisis,2021-11-04,1004,0.35,0.41,0.05,0.07,0.05
YouGov,2021-11-04,1699,0.36,0.35,0.08,0.09,0.05
Ipsos,2021-11-04,1007,0.35,0.36,0.09,0.11,0.01
Deltapoll,2021-11-05,1560,0.4,0.37,0.08,0.06,0.02
Opinium,2021-11-06,1175,0.37,0.36,0.09,0.06,NA
Savanta ComRes,2021-11-07,2242,0.38,0.35,0.1,0.04,0.03
Redfield & Wilton,2021-11-08,2000,0.37,0.36,0.1,0.06,0.05
Omnisis,2021-11-08,1005,0.3,0.42,0.06,0.08,0.05
FindOutNow,2021-11-08,10700,0.36,0.35,0.11,0.08,0.02
Redfield & Wilton,2021-11-10,1500,0.36,0.38,0.1,0.06,0.03
YouGov,2021-11-11,1696,0.35,0.35,0.08,0.1,0.04
Savanta ComRes,2021-11-12,2019,0.34,0.4,0.1,0.05,0.03
Opinium,2021-11-12,1175,0.36,0.37,0.09,0.07,NA
Redfield & Wilton,2021-11-15,2000,0.36,0.37,0.1,0.05,0.04
Survation,2021-11-15,3108,0.37,0.37,0.1,0.04,0.02
YouGov,2021-11-18,1800,0.36,0.34,0.07,0.1,0.05
Panelbase,2021-11-19,3888,0.38,0.39,0.09,0.06,NA
Redfield & Wilton,2021-11-21,2000,0.37,0.37,0.09,0.06,0.03
Savanta ComRes,2021-11-21,2184,0.36,0.38,0.1,0.05,0.03
Kantar,2021-11-22,1119,0.39,0.36,0.1,0.05,0.02
YouGov,2021-11-25,1692,0.36,0.35,0.07,0.08,0.06
Opinium,2021-11-26,1990,0.36,0.38,0.08,0.06,NA
Savanta ComRes,2021-11-28,2060,0.37,0.37,0.08,0.05,0.04
Redfield & Wilton,2021-11-29,2000,0.38,0.36,0.1,0.06,0.04
Survation,2021-12-01,1060,0.36,0.39,0.09,0.03,0.03
FindOutNow,2021-12-01,10272,0.36,0.35,0.11,0.08,0.03
YouGov,2021-12-02,1708,0.36,0.33,0.09,0.09,0.06
Deltapoll,2021-12-04,1553,0.37,0.38,0.1,0.05,0.02
Savanta ComRes,2021-12-05,2232,0.38,0.37,0.09,0.05,0.02
Redfield & Wilton,2021-12-06,2000,0.38,0.36,0.09,0.06,0.04
Redfield & Wilton,2021-12-08,1500,0.34,0.38,0.11,0.06,0.05
Focaldata,2021-12-09,1001,0.33,0.41,0.07,0.06,0.06
YouGov,2021-12-09,1686,0.33,0.37,0.09,0.07,0.06
Survation,2021-12-09,1178,0.34,0.4,0.1,0.04,0.03
Savanta ComRes,2021-12-10,2118,0.33,0.39,0.09,0.04,0.04
YouGov,2021-12-10,1741,0.32,0.4,0.08,0.07,0.07
Opinium,2021-12-10,2042,0.32,0.41,0.09,0.05,NA
Ipsos,2021-12-10,1005,0.34,0.39,0.11,0.07,0.02
Survation,2021-12-11,1218,0.32,0.39,0.09,0.05,0.04
Redfield & Wilton,2021-12-13,2000,0.32,0.37,0.11,0.07,0.07
Kantar,2021-12-13,1074,0.34,0.38,0.11,0.07,0.03
YouGov,2021-12-13,3380,0.31,0.38,0.08,0.08,0.06
Survation,2021-12-14,2039,0.34,0.4,0.08,0.04,0.02
YouGov,2021-12-15,1714,0.32,0.37,0.1,0.07,0.06
FindOutNow/Electoral Calculus,2021-12-15,1017,0.3,0.38,0.1,0.1,0.07
Savanta ComRes,2021-12-16,2139,0.34,0.38,0.1,0.04,0.04
Savanta ComRes,2021-12-19,2096,0.32,0.37,0.13,0.05,0.04
Redfield & Wilton,2021-12-20,2000,0.31,0.39,0.13,0.06,0.05
YouGov,2021-12-20,1790,0.3,0.36,0.12,0.08,0.05
Focaldata,2021-12-21,1008,0.34,0.41,0.09,0.04,0.04
Focaldata,2021-12-21,24373,0.32,0.4,0.1,0.07,0.06
Opinium,2021-12-23,1216,0.32,0.39,0.11,0.06,NA
Techne,2021-12-28,NA,0.32,0.37,0.11,0.04,NA
Deltapoll,2021-12-30,1567,0.35,0.4,0.1,0.04,0.03
Redfield & Wilton,2022-01-03,2000,0.35,0.38,0.1,0.05,0.04
YouGov,2022-01-07,1744,0.33,0.37,0.1,0.06,0.05
Opinium,2022-01-07,1326,0.34,0.39,0.11,0.05,NA
Savanta ComRes,2022-01-09,2207,0.33,0.37,0.11,0.04,0.04
Redfield & Wilton,2022-01-10,2000,0.35,0.39,0.12,0.05,0.04
YouGov,2022-01-12,1666,0.28,0.38,0.13,0.07,0.04
FindOutNow/Electoral Calculus,2022-01-13,2128,0.27,0.41,0.11,0.08,0.05
YouGov,2022-01-13,1690,0.29,0.4,0.11,0.06,0.06
Focaldata,2022-01-13,1003,0.33,0.42,0.11,0.04,0.03
Savanta ComRes,2022-01-14,2151,0.32,0.42,0.11,0.04,0.02
YouGov,2022-01-14,1683,0.31,0.39,0.11,0.06,0.05
Opinium,2022-01-14,1271,0.31,0.41,0.09,0.06,NA
Savanta ComRes,2022-01-16,2151,0.32,0.41,0.11,0.04,0.03
Deltapoll,2022-01-16,4292,0.32,0.41,0.11,0.05,0.02
Redfield & Wilton,2022-01-17,2000,0.3,0.43,0.09,0.07,0.04
Survation,2022-01-17,2036,0.33,0.43,0.1,0.03,0.02
Omnisis,2022-01-20,1015,0.27,0.45,0.08,0.07,0.04
YouGov,2022-01-21,1668,0.32,0.39,0.08,0.08,0.04
Savanta ComRes,2022-01-23,2095,0.32,0.4,0.11,0.04,0.03
JL Partners,2022-01-23,4561,0.32,0.42,0.1,0.07,0.02
Redfield & Wilton,2022-01-24,2000,0.34,0.41,0.11,0.05,0.03
Kantar,2022-01-24,1086,0.34,0.38,0.11,0.07,0.02
Survation,2022-01-25,1117,0.35,0.4,0.1,0.03,0.03
Ipsos,2022-01-25,1059,0.31,0.4,0.13,0.09,0.01
YouGov,2022-01-27,1656,0.32,0.38,0.11,0.07,0.03
Omnisis,2022-01-27,1005,0.28,0.48,0.07,0.06,0.04
Deltapoll,2022-01-27,1515,0.32,0.42,0.1,0.06,0.01
Techne,2022-01-28,NA,0.31,0.38,0.12,0.06,0.02
Opinium,2022-01-28,1647,0.34,0.39,0.09,0.05,NA
Savanta ComRes,2022-01-30,2283,0.33,0.44,0.09,0.03,0.03
Redfield & Wilton,2022-01-31,2000,0.33,0.4,0.11,0.06,0.03
YouGov,2022-02-02,1661,0.32,0.41,0.1,0.06,0.04
Techne,2022-02-02,1631,0.32,0.4,0.1,0.06,NA
Deltapoll,2022-02-04,1587,0.34,0.41,0.1,0.05,0.02
Savanta ComRes,2022-02-06,2232,0.33,0.42,0.09,0.05,0.03
Redfield & Wilton,2022-02-07,2000,0.32,0.42,0.09,0.06,0.04
Techne,2022-02-09,1631,0.33,0.41,0.09,0.06,NA
YouGov,2022-02-11,1720,0.34,0.37,0.1,0.08,0.04
Opinium,2022-02-11,1526,0.34,0.37,0.11,0.06,NA
Savanta ComRes,2022-02-13,2226,0.32,0.41,0.11,0.04,0.03
Redfield & Wilton,2022-02-14,2000,0.33,0.38,0.11,0.06,0.05
YouGov,2022-02-17,1720,0.34,0.38,0.1,0.06,0.04
Techne,2022-02-17,1625,0.34,0.39,0.1,0.06,NA
FindOutNow,2022-02-18,12700,0.32,0.38,0.13,0.07,0.04
Savanta ComRes,2022-02-20,2201,0.33,0.4,0.11,0.05,0.03
Redfield & Wilton,2022-02-21,2000,0.33,0.39,0.11,0.07,0.04
Survation,2022-02-21,2050,0.35,0.42,0.09,0.03,0.02
Kantar,2022-02-21,1090,0.34,0.39,0.12,0.06,0.02
Omnisis,2022-02-23,1004,0.27,0.46,0.08,0.07,0.04
Techne,2022-02-24,1635,0.35,0.39,0.09,0.06,NA
YouGov,2022-02-25,1741,0.34,0.39,0.09,0.06,0.05
Opinium,2022-02-25,2068,0.34,0.38,0.11,0.06,NA
Savanta ComRes,2022-02-27,2208,0.34,0.42,0.09,0.03,0.03
Redfield & Wilton,2022-02-28,2000,0.35,0.38,0.12,0.05,0.04
Number Cruncher Politics,2022-02-28,2001,0.35,0.42,0.08,0.06,0.02
Techne,2022-03-03,1631,0.35,0.38,0.1,0.06,NA
YouGov,2022-03-04,1658,0.35,0.37,0.07,0.08,0.05
Savanta ComRes,2022-03-06,2222,0.34,0.41,0.09,0.04,0.03
Redfield & Wilton,2022-03-07,2000,0.37,0.4,0.1,0.05,0.02
Survation (MRP),2022-03-07,2034,0.37,0.4,0.09,0.05,NA
YouGov,2022-03-09,1700,0.33,0.39,0.1,0.07,0.04
Techne,2022-03-10,1641,0.36,0.38,0.09,0.06,NA
Opinium,2022-03-11,2007,0.35,0.37,0.09,0.07,NA
Deltapoll,2022-03-11,2003,0.34,0.4,0.1,0.05,0.02
Redfield & Wilton,2022-03-13,2000,0.36,0.39,0.1,0.06,0.04
Savanta ComRes,2022-03-13,2192,0.35,0.4,0.09,0.03,0.03
Ipsos,2022-03-16,1000,0.35,0.39,0.1,0.07,NA
YouGov,2022-03-17,1761,0.33,0.39,0.1,0.07,0.04
Techne,2022-03-17,1636,0.35,0.39,0.1,0.06,NA
Redfield & Wilton,2022-03-20,2000,0.35,0.4,0.11,0.07,0.02
Kantar,2022-03-21,1042,0.36,0.36,0.12,0.06,0.03
YouGov,2022-03-23,1810,0.35,0.36,0.09,0.08,0.05
YouGov,2022-03-24,1759,0.35,0.37,0.1,0.07,0.04
Techne,2022-03-24,1641,0.35,0.4,0.1,0.05,NA
Opinium,2022-03-25,2002,0.36,0.38,0.09,0.07,NA
Redfield & Wilton,2022-03-27,2000,0.35,0.37,0.09,0.05,0.05
Savanta ComRes,2022-03-27,2226,0.35,0.39,0.11,0.03,0.03
YouGov,2022-03-30,2006,0.33,0.37,0.09,0.06,0.05
Survation,2022-03-30,2033,0.35,0.42,0.09,0.03,0.02
Techne,2022-03-31,1639,0.36,0.39,0.09,0.05,NA
Redfield & Wilton,2022-04-03,2000,0.36,0.42,0.09,0.04,0.03
Savanta ComRes,2022-04-03,2220,0.33,0.4,0.11,0.04,0.03
YouGov,2022-04-07,1826,0.34,0.37,0.1,0.07,0.04
Techne,2022-04-07,1635,0.35,0.4,0.1,0.04,NA
Opinium,2022-04-08,2004,0.34,0.38,0.1,0.07,NA
Omnisis,2022-04-08,918,0.25,0.49,0.06,0.06,0.03
Redfield & Wilton,2022-04-10,2000,0.34,0.42,0.08,0.05,0.04
Savanta ComRes,2022-04-10,2145,0.34,0.4,0.09,0.04,0.03
Kantar,2022-04-11,1152,0.34,0.37,0.11,0.07,0.04
Techne,2022-04-13,1628,0.34,0.41,0.09,0.05,NA
YouGov,2022-04-14,1960,0.33,0.38,0.1,0.07,0.05
Deltapoll,2022-04-14,1550,0.32,0.43,0.09,0.06,0.02
Redfield & Wilton,2022-04-17,2000,0.34,0.42,0.1,0.05,0.03
YouGov,2022-04-20,2079,0.33,0.39,0.09,0.08,0.03
Techne,2022-04-21,1631,0.34,0.4,0.1,0.05,NA
Opinium,2022-04-22,2002,0.34,0.36,0.1,0.08,NA
Redfield & Wilton,2022-04-24,2000,0.34,0.42,0.11,0.04,0.04
Savanta ComRes,2022-04-24,2231,0.34,0.4,0.11,0.03,0.03
Survation,2022-04-26,2587,0.33,0.42,0.09,0.04,0.02
Opinium,2022-04-26,4000,0.35,0.37,0.1,0.07,NA
YouGov,2022-04-27,1779,0.33,0.39,0.11,0.06,0.03
Techne,2022-04-28,1633,0.35,0.4,0.09,0.06,NA
Ipsos,2022-04-28,1006,0.35,0.4,0.1,0.07,0.01
Redfield & Wilton,2022-05-01,2000,0.33,0.41,0.12,0.05,0.03
Savanta ComRes,2022-05-01,2236,0.35,0.41,0.09,0.04,0.03
Techne,2022-05-05,1635,0.34,0.4,0.1,0.05,NA
YouGov,2022-05-06,1707,0.35,0.36,0.1,0.08,0.03
Redfield & Wilton,2022-05-08,2000,0.33,0.39,0.12,0.07,0.02
Savanta ComRes,2022-05-08,2161,0.34,0.39,0.11,0.03,0.03
YouGov,2022-05-11,1990,0.33,0.38,0.12,0.06,0.03
Techne,2022-05-12,1634,0.34,0.39,0.11,0.06,NA
Opinium,2022-05-13,2000,0.34,0.37,0.12,0.07,NA
Redfield & Wilton,2022-05-15,2000,0.35,0.39,0.12,0.06,0.03
Savanta ComRes,2022-05-15,2196,0.34,0.41,0.1,0.04,0.02
Ipsos,2022-05-17,1013,0.33,0.39,0.12,0.05,0.01
Redfield & Wilton,2022-05-18,1500,0.33,0.39,0.12,0.04,0.05
Savanta ComRes,2022-05-19,2021,0.34,0.4,0.1,0.04,0.02
YouGov,2022-05-19,1692,0.31,0.39,0.12,0.07,0.04
Techne,2022-05-19,1635,0.35,0.39,0.1,0.06,NA
Redfield & Wilton,2022-05-22,2000,0.33,0.39,0.12,0.05,0.04
Kantar,2022-05-23,1087,0.32,0.38,0.13,0.08,0.03
Redfield & Wilton,2022-05-25,1500,0.31,0.4,0.14,0.05,0.03
YouGov,2022-05-25,1755,0.31,0.39,0.12,0.07,0.04
Techne,2022-05-26,1629,0.33,0.4,0.11,0.06,NA
Omnisis,2022-05-26,1026,0.29,0.44,0.08,0.05,0.05
Opinium,2022-05-27,2000,0.33,0.36,0.11,0.08,NA
Redfield & Wilton,2022-05-29,2000,0.36,0.43,0.1,0.05,0.03
Savanta ComRes,2022-05-29,2177,0.31,0.42,0.11,0.03,0.03
Omnisis,2022-05-31,1026,0.25,0.48,0.09,0.06,0.05
Redfield & Wilton,2022-06-01,2000,0.33,0.39,0.12,0.06,0.04
Techne,2022-06-01,1632,0.32,0.4,0.12,0.06,NA
YouGov,2022-06-03,2000,0.32,0.36,0.12,0.08,0.04
Redfield & Wilton,2022-06-05,2000,0.34,0.38,0.11,0.07,0.04
Redfield & Wilton,2022-06-09,2000,0.32,0.4,0.13,0.05,0.04
YouGov,2022-06-09,1727,0.32,0.39,0.11,0.07,0.03
Survation,2022-06-10,2053,0.34,0.41,0.1,0.03,NA
Techne,2022-06-10,1632,0.33,0.39,0.12,0.06,NA
Opinium,2022-06-10,2002,0.34,0.36,0.13,0.06,NA
Redfield & Wilton,2022-06-12,2000,0.32,0.39,0.15,0.06,0.02
Savanta ComRes,2022-06-12,2237,0.34,0.4,0.1,0.04,0.02
Redfield & Wilton,2022-06-15,2000,0.34,0.42,0.12,0.04,0.03
YouGov,2022-06-16,1727,0.33,0.39,0.1,0.06,0.04
Techne,2022-06-16,1612,0.33,0.39,0.13,0.05,NA
Redfield & Wilton,2022-06-19,2000,0.33,0.4,0.13,0.05,0.05
Savanta ComRes,2022-06-19,2050,0.31,0.42,0.1,0.05,0.03
Kantar,2022-06-20,1141,0.34,0.36,0.13,0.05,0.04
Redfield & Wilton,2022-06-22,2000,0.32,0.41,0.13,0.05,0.04
YouGov,2022-06-23,1671,0.34,0.39,0.09,0.08,0.04
Techne,2022-06-23,1630,0.32,0.38,0.14,0.06,NA
Opinium,2022-06-24,2000,0.34,0.37,0.11,0.06,NA
Redfield & Wilton,2022-06-26,2000,0.33,0.41,0.15,0.04,0.03
Savanta ComRes,2022-06-26,2217,0.34,0.41,0.1,0.05,0.01
Survation,2022-06-27,1017,0.35,0.43,0.11,0.02,NA
YouGov,2022-06-29,1671,0.33,0.36,0.13,0.06,0.03
Ipsos,2022-06-29,1059,0.3,0.41,0.15,0.06,0.01
Techne,2022-06-30,1632,0.33,0.39,0.13,0.05,NA
Redfield & Wilton,2022-06-30,1500,0.32,0.4,0.13,0.05,0.03
Omnisis,2022-07-01,1015,0.27,0.47,0.09,0.06,0.04
BMG,2022-07-01,1521,0.32,0.42,0.11,0.04,0.04
Redfield & Wilton,2022-07-03,2000,0.35,0.41,0.11,0.05,0.05
Savanta ComRes,2022-07-03,2106,0.32,0.41,0.11,0.03,0.04
Techne,2022-07-07,1644,0.29,0.41,0.14,0.06,NA
Redfield & Wilton,2022-07-07,1500,0.31,0.43,0.12,0.07,0.02
YouGov,2022-07-07,1687,0.29,0.4,0.15,0.06,0.03
Opinium,2022-07-08,2000,0.33,0.38,0.12,0.06,NA
Redfield & Wilton,2022-07-10,2000,0.31,0.42,0.12,0.05,0.05
Savanta ComRes,2022-07-10,2168,0.28,0.43,0.12,0.04,0.03
Omnisis,2022-07-12,1002,0.25,0.46,0.08,0.08,0.05
Techne,2022-07-14,1645,0.31,0.4,0.13,0.06,NA
YouGov,2022-07-14,1733,0.29,0.4,0.13,0.07,0.04
JL Partners,2022-07-14,4434,0.31,0.42,0.12,0.06,0.03
Redfield & Wilton,2022-07-17,2000,0.32,0.42,0.12,0.05,0.03
Savanta ComRes,2022-07-17,1980,0.3,0.43,0.11,0.04,0.03
Kantar,2022-07-18,1077,0.33,0.37,0.13,0.07,0.04
Savanta ComRes,2022-07-21,2109,0.33,0.44,0.09,0.03,0.03
Techne,2022-07-21,1645,0.32,0.41,0.12,0.06,NA
Redfield & Wilton,2022-07-21,1500,0.35,0.44,0.09,0.05,0.03
Opinium,2022-07-22,2001,0.34,0.37,0.13,0.07,NA
YouGov,2022-07-22,1692,0.32,0.39,0.12,0.08,0.04
Deltapoll,2022-07-23,1588,0.31,0.42,0.1,0.06,0.03
Redfield & Wilton,2022-07-24,2000,0.34,0.4,0.12,0.05,0.03
Savanta ComRes,2022-07-24,2272,0.29,0.42,0.12,0.04,0.04
Redfield & Wilton,2022-07-27,1500,0.33,0.41,0.11,0.05,0.04
Ipsos,2022-07-27,1052,0.3,0.44,0.1,0.08,0.01
YouGov,2022-07-28,1797,0.34,0.35,0.13,0.07,0.03
Techne,2022-07-28,1645,0.33,0.4,0.12,0.06,NA
Redfield & Wilton,2022-07-31,2000,0.34,0.38,0.11,0.07,0.04
Kantar,2022-08-01,1096,0.32,0.36,0.13,0.08,0.04
Redfield & Wilton,2022-08-04,1500,0.32,0.4,0.13,0.04,0.04
Techne,2022-08-04,1630,0.34,0.39,0.13,0.05,NA
YouGov,2022-08-05,1968,0.33,0.37,0.11,0.08,0.03
Redfield & Wilton,2022-08-08,2000,0.35,0.4,0.12,0.05,0.03
Opinium,2022-08-08,2010,0.34,0.37,0.12,0.06,NA
YouGov,2022-08-10,1809,0.3,0.39,0.12,0.06,0.04
Techne,2022-08-12,1641,0.35,0.39,0.12,0.05,NA
Redfield & Wilton,2022-08-14,2000,0.34,0.41,0.12,0.05,0.03
YouGov,2022-08-17,1696,0.28,0.43,0.11,0.07,0.04
BMG,2022-08-18,2091,0.32,0.42,0.11,0.04,0.03
Opinium,2022-08-19,1527,0.31,0.39,0.1,0.07,NA
Redfield & Wilton,2022-08-21,2000,0.31,0.43,0.13,0.05,0.03
PeoplePolling,2022-08-22,1235,0.26,0.4,0.11,0.06,0.05
Deltapoll,2022-08-22,1591,0.31,0.43,0.11,0.06,0.02
Kantar,2022-08-22,1106,0.33,0.4,0.14,0.06,0.02
YouGov,2022-08-24,2007,0.31,0.39,0.11,0.07,0.05
Techne,2022-08-25,1630,0.33,0.41,0.11,0.06,NA
Redfield & Wilton,2022-08-25,1500,0.33,0.42,0.12,0.05,0.02
Redfield & Wilton,2022-08-28,2000,0.33,0.42,0.13,0.04,0.04
PeoplePolling,2022-08-30,1203,0.25,0.42,0.1,0.07,0.04
Deltapoll,2022-08-30,1600,0.31,0.44,0.12,0.04,0.02
Redfield & Wilton,2022-08-31,2000,0.31,0.42,0.12,0.07,0.03
Survation,2022-08-31,1013,0.33,0.43,0.11,0.03,0.05
YouGov,2022-09-01,1711,0.28,0.43,0.11,0.06,0.03
Techne,2022-09-02,1628,0.32,0.42,0.12,0.05,NA
Opinium,2022-09-02,1516,0.34,0.38,0.12,0.06,NA
Deltapoll,2022-09-02,1573,0.31,0.42,0.1,0.06,0.03
Redfield & Wilton,2022-09-04,2000,0.31,0.43,0.12,0.06,0.03
Redfield & Wilton,2022-09-07,2000,0.3,0.42,0.14,0.06,0.02
PeoplePolling,2022-09-07,1162,0.28,0.4,0.09,0.07,0.04
YouGov,2022-09-07,1688,0.29,0.44,0.1,0.07,0.03
Techne,2022-09-08,1628,0.34,0.42,0.11,0.04,NA
Savanta ComRes,2022-09-11,2272,0.35,0.42,0.1,0.03,0.03
YouGov,2022-09-12,1727,0.32,0.42,0.1,0.07,0.02
Deltapoll,2022-09-12,1573,0.32,0.44,0.09,0.04,0.02
PeoplePolling,2022-09-13,1245,0.28,0.4,0.1,0.06,0.05
Techne,2022-09-15,1647,0.35,0.41,0.1,0.05,NA
Ipsos,2022-09-15,1000,0.3,0.4,0.13,0.08,0.01
Savanta ComRes,2022-09-16,6226,0.33,0.45,0.1,0.04,0.03
Redfield & Wilton,2022-09-18,2000,0.34,0.42,0.1,0.05,0.03
Deltapoll,2022-09-20,2084,0.32,0.42,0.1,0.06,0.02
Redfield & Wilton,2022-09-21,2000,0.32,0.42,0.12,0.05,0.04
PeoplePolling,2022-09-21,1298,0.28,0.4,0.1,0.08,0.04
YouGov,2022-09-22,1713,0.32,0.4,0.09,0.08,0.03
Techne,2022-09-22,1639,0.34,0.41,0.11,0.05,NA
Opinium,2022-09-23,1491,0.34,0.39,0.1,0.07,NA
Redfield & Wilton,2022-09-25,2000,0.31,0.44,0.11,0.06,0.02
Savanta ComRes,2022-09-25,2259,0.29,0.43,0.12,0.04,NA
YouGov,2022-09-25,1730,0.28,0.45,0.09,0.07,0.03
Deltapoll,2022-09-25,2192,0.31,0.44,0.12,0.04,0.02
Omnisis,2022-09-26,1307,0.32,0.44,0.1,0.05,0.04
Kantar,2022-09-26,1141,0.35,0.39,0.1,0.04,0.03
FindOutNow,2022-09-27,10435,0.27,0.45,0.1,0.07,0.03
Survation,2022-09-29,1329,0.28,0.49,0.1,0.01,0.02
Redfield & Wilton,2022-09-29,2500,0.29,0.46,0.13,0.04,0.04
PeoplePolling,2022-09-29,2216,0.2,0.5,0.09,0.08,0.03
YouGov,2022-09-29,1712,0.21,0.54,0.07,0.06,0.04
Techne,2022-09-29,1625,0.27,0.47,0.11,0.06,NA
Deltapoll,2022-09-29,1613,0.29,0.48,0.09,0.04,0.02
BMG,2022-09-29,1516,0.3,0.47,0.09,0.05,0.03
Opinium,2022-09-30,1468,0.27,0.46,0.09,0.06,NA
Omnisis,2022-09-30,1320,0.23,0.55,0.07,0.05,0.03
Redfield & Wilton,2022-10-02,2000,0.24,0.52,0.1,0.05,0.03
Savanta ComRes,2022-10-02,2113,0.25,0.5,0.11,0.03,NA
Redfield & Wilton,2022-10-05,1500,0.24,0.52,0.1,0.05,0.03
PeoplePolling,2022-10-06,1512,0.2,0.52,0.08,0.07,0.04
Techne,2022-10-06,1636,0.26,0.48,0.1,0.06,NA
YouGov,2022-10-07,1737,0.22,0.52,0.09,0.06,0.05
Omnisis,2022-10-07,1328,0.24,0.51,0.1,0.05,0.04
Deltapoll,2022-10-07,1034,0.26,0.51,0.09,0.04,0.02
Opinium,2022-10-07,2023,0.26,0.47,0.11,0.06,NA
Redfield & Wilton,2022-10-09,2000,0.25,0.54,0.1,0.04,0.03
Savanta ComRes,2022-10-09,2036,0.23,0.51,0.1,0.04,NA
PeoplePolling,2022-10-12,1158,0.19,0.53,0.08,0.06,0.04
YouGov,2022-10-12,1675,0.23,0.51,0.09,0.07,0.03
Ipsos,2022-10-12,1001,0.26,0.47,0.1,0.08,0.02
Redfield & Wilton,2022-10-13,1500,0.24,0.53,0.13,0.03,0.02
Techne,2022-10-13,1626,0.25,0.49,0.11,0.06,NA
Omnisis,2022-10-14,1328,0.28,0.49,0.1,0.05,0.02
Redfield & Wilton,2022-10-16,2000,0.2,0.56,0.11,0.05,0.02
Savanta ComRes,2022-10-16,2195,0.22,0.52,0.11,0.02,NA
Deltapoll,2022-10-17,1050,0.23,0.55,0.07,0.04,0.03
Redfield & Wilton,2022-10-19,2500,0.19,0.55,0.12,0.04,0.04
Survation,2022-10-19,1252,0.23,0.52,0.11,0.03,0.02
Omnisis,2022-10-20,1382,0.22,0.57,0.07,0.04,0.03
PeoplePolling,2022-10-20,1237,0.14,0.53,0.11,0.06,0.05
Techne,2022-10-20,1632,0.22,0.53,0.11,0.05,NA
YouGov,2022-10-21,1700,0.19,0.56,0.1,0.04,0.05
Opinium,2022-10-21,2023,0.23,0.5,0.09,0.06,NA
JL Partners,2022-10-21,2000,0.26,0.51,0.08,0.03,0.03
Omnisis,2022-10-22,1353,0.22,0.56,0.1,0.04,0.03
Redfield & Wilton,2022-10-23,2000,0.21,0.54,0.11,0.04,0.04
Deltapoll,2022-10-23,2012,0.25,0.51,0.1,0.05,0.03
Savanta ComRes,2022-10-23,1996,0.25,0.51,0.08,0.02,NA
PeoplePolling,2022-10-26,1237,0.2,0.51,0.09,0.05,0.07
YouGov,2022-10-26,1646,0.23,0.51,0.09,0.04,0.06
Redfield & Wilton,2022-10-26,1500,0.23,0.55,0.09,0.05,0.04
BMG,2022-10-26,1568,0.26,0.49,0.1,0.05,0.05
Focaldata,2022-10-26,10000,0.23,0.53,0.1,0.04,0.04
Survation,2022-10-27,2028,0.27,0.51,0.08,0.02,0.03
Techne,2022-10-27,1626,0.26,0.5,0.1,0.05,NA
Omnisis,2022-10-28,1383,0.25,0.53,0.07,0.04,0.06
Opinium,2022-10-28,1499,0.28,0.44,0.1,0.05,NA
Redfield & Wilton,2022-10-30,2000,0.27,0.5,0.09,0.05,0.03
Focaldata,2022-10-30,2000,0.29,0.49,0.08,0.04,0.04
Deltapoll,2022-10-31,1606,0.26,0.51,0.09,0.04,0.03
YouGov,2022-10-31,2464,0.25,0.49,0.09,0.05,0.04
PeoplePolling,2022-11-01,1212,0.21,0.47,0.1,0.05,0.05
YouGov,2022-11-02,1702,0.24,0.5,0.09,0.05,0.06
Techne,2022-11-03,1663,0.29,0.49,0.09,0.04,NA
Redfield & Wilton,2022-11-03,1500,0.3,0.47,0.12,0.03,0.04
Survation,2022-11-03,1017,0.27,0.5,0.07,0.03,0.03
Omnisis,2022-11-04,1352,0.27,0.51,0.07,0.04,0.06
Opinium,2022-11-04,1445,0.28,0.46,0.08,0.06,NA
Redfield & Wilton,2022-11-06,2000,0.27,0.48,0.1,0.03,0.05
Deltapoll,2022-11-07,1049,0.29,0.47,0.09,0.05,0.03
PeoplePolling,2022-11-09,1198,0.21,0.42,0.09,0.09,0.08
YouGov,2022-11-10,1708,0.25,0.48,0.1,0.05,0.05
Techne,2022-11-10,1628,0.3,0.49,0.08,0.04,NA
Redfield & Wilton,2022-11-10,1500,0.28,0.49,0.11,0.04,0.04
Omnisis,2022-11-11,1181,0.26,0.49,0.07,0.05,0.09
Redfield & Wilton,2022-11-13,2000,0.26,0.5,0.09,0.05,0.04
Deltapoll,2022-11-14,1060,0.27,0.5,0.06,0.06,0.03
YouGov,2022-11-16,1682,0.26,0.47,0.09,0.05,0.06
Ipsos,2022-11-16,1004,0.29,0.5,0.07,0.03,0.02
Techne,2022-11-17,1628,0.28,0.5,0.08,0.04,NA
Redfield & Wilton,2022-11-17,1500,0.27,0.48,0.1,0.04,0.05
PeoplePolling,2022-11-18,1331,0.21,0.47,0.1,0.07,0.06
Opinium,2022-11-18,1484,0.28,0.45,0.09,0.04,0.06
Omnisis,2022-11-18,1159,0.21,0.48,0.1,0.07,0.05
Deltapoll,2022-11-19,1604,0.25,0.51,0.09,0.04,0.04
Redfield & Wilton,2022-11-20,2000,0.28,0.49,0.09,0.04,0.05
Savanta ComRes,2022-11-20,2106,0.28,0.46,0.1,0.03,0.03
Kantar,2022-11-21,1111,0.3,0.45,0.08,0.04,0.05
PeoplePolling,2022-11-23,1145,0.24,0.44,0.08,0.08,0.05
YouGov,2022-11-23,1672,0.25,0.48,0.09,0.05,0.05
Techne,2022-11-24,1625,0.27,0.5,0.09,0.04,NA
Omnisis,2022-11-24,1174,0.25,0.49,0.09,0.05,0.06
Redfield & Wilton,2022-11-27,2000,0.27,0.47,0.11,0.05,0.05
Savanta ComRes,2022-11-27,2106,0.26,0.47,0.1,0.02,0.05
Deltapoll,2022-11-28,1062,0.3,0.48,0.1,0.03,0.04
PeoplePolling,2022-11-30,1145,0.21,0.46,0.07,0.09,0.07
YouGov,2022-11-30,1637,0.22,0.47,0.09,0.05,0.09
Techne,2022-12-01,1632,0.26,0.49,0.1,0.04,0.05
BMG,2022-12-01,1571,0.28,0.46,0.1,0.05,0.06
Omnisis,2022-12-02,1189,0.25,0.48,0.09,0.06,0.05
Opinium,2022-12-02,2000,0.29,0.43,0.08,0.06,0.06
Redfield & Wilton,2022-12-04,2000,0.26,0.48,0.1,0.06,0.05
Savanta,2022-12-04,2211,0.31,0.42,0.1,0.03,0.05
Savanta,2022-12-05,6237,0.28,0.48,0.11,0.03,0.04
Deltapoll,2022-12-05,1632,0.28,0.48,0.1,0.04,0.04
PeoplePolling,2022-12-07,1231,0.2,0.47,0.08,0.06,0.09
YouGov,2022-12-07,1696,0.24,0.48,0.09,0.05,0.08
Techne,2022-12-08,1625,0.27,0.48,0.09,0.04,0.05
Omnisis,2022-12-09,1294,0.3,0.48,0.09,0.06,0.04
Redfield & Wilton,2022-12-11,2000,0.29,0.46,0.09,0.05,0.07
Savanta,2022-12-11,2194,0.29,0.45,0.08,0.03,0.06
Kantar,2022-12-12,1097,0.29,0.46,0.09,0.05,0.04
Deltapoll,2022-12-12,1088,0.32,0.45,0.09,0.05,0.04
Ipsos,2022-12-13,1007,0.23,0.49,0.13,0.03,0.02
PeoplePolling,2022-12-14,1151,0.24,0.45,0.07,0.06,0.07
YouGov,2022-12-15,1690,0.23,0.48,0.08,0.05,0.09
Techne,2022-12-15,1631,0.28,0.46,0.09,0.05,0.06
Omnisis,2022-12-16,1216,0.26,0.47,0.09,0.06,0.06
Opinium,2022-12-16,2000,0.29,0.44,0.09,0.05,0.08
Savanta,2022-12-18,2024,0.28,0.45,0.09,0.03,0.05
PeoplePolling,2022-12-21,1151,0.22,0.46,0.08,0.06,0.08
YouGov,2022-12-21,1672,0.24,0.48,0.09,0.05,0.08
Techne,2022-12-22,1633,0.28,0.45,0.08,0.05,0.07
Omnisis,2022-12-22,1243,0.25,0.51,0.07,0.05,0.06
PeoplePolling,2022-12-28,1169,0.19,0.45,0.08,0.09,0.08
Redfield & Wilton,2023-01-03,2000,0.27,0.47,0.12,0.03,0.05
PeoplePolling,2023-01-04,1209,0.22,0.46,0.07,0.07,0.08
YouGov,2023-01-05,1709,0.25,0.46,0.09,0.06,0.07
Techne,2023-01-05,1625,0.25,0.46,0.09,0.05,0.08
Omnisis,2023-01-06,1285,0.27,0.49,0.1,0.04,0.04
Deltapoll,2023-01-07,1593,0.31,0.45,0.09,0.05,0.03
Redfield & Wilton,2023-01-08,2000,0.26,0.48,0.09,0.05,0.06
PeoplePolling,2023-01-11,1160,0.21,0.48,0.08,0.07,0.07
YouGov,2023-01-11,1691,0.25,0.47,0.09,0.05,0.07
Techne,2023-01-12,1636,0.26,0.47,0.08,0.05,0.07
Omnisis,2023-01-12,1247,0.28,0.48,0.07,0.07,0.03
Opinium,2023-01-13,2000,0.29,0.45,0.09,0.05,0.06
Redfield & Wilton,2023-01-15,2000,0.27,0.47,0.1,0.05,0.06
Deltapoll,2023-01-16,1059,0.29,0.45,0.1,0.05,0.04
PeoplePolling,2023-01-18,1168,0.21,0.45,0.09,0.09,0.08
Focaldata,2023-01-18,1028,0.24,0.49,0.09,0.04,0.07
YouGov,2023-01-19,2004,0.26,0.48,0.08,0.05,0.07
Techne,2023-01-19,1625,0.27,0.46,0.09,0.05,0.06
Omnisis,2023-01-20,1268,0.24,0.5,0.08,0.05,0.05
Deltapoll,2023-01-21,1563,0.3,0.44,0.09,0.05,0.04
Redfield & Wilton,2023-01-22,2000,0.26,0.48,0.09,0.04,0.06
PeoplePolling,2023-01-24,1270,0.21,0.5,0.08,0.05,0.07
YouGov,2023-01-25,2058,0.26,0.45,0.1,0.07,0.06
Ipsos,2023-01-25,1001,0.26,0.51,0.09,0.05,0.02
Techne,2023-01-26,1631,0.26,0.47,0.08,0.05,0.07
BMG,2023-01-26,1502,0.29,0.46,0.09,0.03,0.06
Omnisis,2023-01-27,1311,0.26,0.5,0.07,0.06,0.07
Savanta,2023-01-29,2041,0.26,0.47,0.09,0.04,0.06
Redfield & Wilton,2023-01-29,2000,0.28,0.49,0.08,0.05,0.05
Deltapoll,2023-01-30,1057,0.29,0.46,0.09,0.04,0.04
PeoplePolling,2023-02-01,1139,0.22,0.46,0.09,0.07,0.07
YouGov,2023-02-01,2006,0.24,0.48,0.09,0.06,0.06
Techne,2023-02-02,1634,0.27,0.48,0.08,0.04,0.07
Omnisis,2023-02-03,1324,0.24,0.48,0.09,0.05,0.06
Redfield & Wilton,2023-02-05,2000,0.24,0.5,0.1,0.05,0.06
Savanta,2023-02-05,2247,0.27,0.46,0.09,0.04,0.05
FindOutNow/Electoral Calculus,2023-02-05,28191,0.23,0.48,0.11,0.05,0.05
Deltapoll,2023-02-06,1831,0.29,0.47,0.09,0.04,0.05
Survation,2023-02-06,1923,0.26,0.42,0.11,0.05,0.06
YouGov,2023-02-09,2061,0.24,0.47,0.1,0.06,0.06
Techne,2023-02-09,1627,0.26,0.47,0.09,0.05,0.06
PeoplePolling,2023-02-09,1229,0.21,0.5,0.07,0.06,0.07
Omnisis,2023-02-10,1281,0.26,0.47,0.1,0.04,0.08
Redfield & Wilton,2023-02-12,2000,0.27,0.48,0.09,0.05,0.06
Savanta,2023-02-12,2175,0.28,0.45,0.1,0.04,0.05
Focaldata,2023-02-12,1041,0.28,0.48,0.09,0.04,0.06
Deltapoll,2023-02-13,1004,0.28,0.48,0.08,0.06,0.03
PeoplePolling,2023-02-15,1148,0.21,0.48,0.08,0.08,0.07
YouGov,2023-02-15,2062,0.22,0.5,0.09,0.06,0.07
Techne,2023-02-16,1631,0.27,0.48,0.08,0.05,0.06
Omnisis,2023-02-16,1259,0.25,0.48,0.1,0.05,0.07
Survation,2023-02-16,6094,0.29,0.48,0.08,0.03,0.04
Opinium,2023-02-17,1451,0.28,0.44,0.09,0.06,0.07
Redfield & Wilton,2023-02-18,2000,0.24,0.51,0.1,0.05,0.06
Savanta,2023-02-19,2103,0.31,0.45,0.09,0.03,0.04
Deltapoll,2023-02-20,1079,0.28,0.5,0.09,0.03,0.02
Kantar,2023-02-20,1120,0.28,0.45,0.09,0.07,0.05
PeoplePolling,2023-02-22,1192,0.2,0.46,0.07,0.08,0.09
YouGov,2023-02-22,2003,0.23,0.46,0.09,0.07,0.08
Techne,2023-02-23,1633,0.27,0.49,0.08,0.05,0.05
Omnisis,2023-02-23,1248,0.24,0.48,0.1,0.05,0.08
BMG,2023-02-23,1500,0.29,0.46,0.09,0.04,0.06
Redfield & Wilton,2023-02-26,2000,0.24,0.51,0.09,0.05,0.07
Savanta,2023-02-26,2224,0.29,0.44,0.09,0.03,0.06
Deltapoll,2023-02-27,1060,0.31,0.46,0.08,0.04,0.05
PeoplePolling,2023-03-01,1158,0.24,0.45,0.09,0.08,0.07
YouGov,2023-03-01,2073,0.25,0.47,0.1,0.05,0.06
Ipsos,2023-03-01,1004,0.25,0.51,0.09,0.05,0.03
Techne,2023-03-02,1625,0.29,0.47,0.08,0.05,0.06
Omnisis,2023-03-03,1284,0.26,0.45,0.11,0.06,0.06
Survation,2023-03-03,870,0.29,0.45,0.1,0.03,0.04
Opinium,2023-03-03,3000,0.3,0.42,0.09,0.06,0.08
FindOutNow/Electoral Calculus,2023-03-03,1487,0.25,0.48,0.09,0.06,0.05
Opinium,2023-03-03,1419,0.27,0.44,0.07,0.07,0.08
Redfield & Wilton,2023-03-05,2000,0.24,0.5,0.09,0.05,0.07
Savanta,2023-03-05,2138,0.32,0.43,0.09,0.03,0.05
Deltapoll,2023-03-06,1630,0.31,0.47,0.08,0.05,0.04
PeoplePolling,2023-03-08,1158,0.23,0.42,0.08,0.1,0.07
YouGov,2023-03-08,2049,0.23,0.45,0.1,0.07,0.07
Techne,2023-03-09,1624,0.29,0.46,0.09,0.05,0.06
Omnisis,2023-03-09,1323,0.26,0.5,0.07,0.05,0.06
Opinium,2023-03-10,2000,0.29,0.44,0.08,0.05,0.08
Redfield & Wilton,2023-03-12,2000,0.27,0.48,0.11,0.05,0.06
Savanta,2023-03-12,2093,0.3,0.45,0.09,0.03,0.05
Deltapoll,2023-03-13,1561,0.27,0.5,0.09,0.04,0.04
Omnisis,2023-03-15,1126,0.25,0.46,0.06,0.07,0.09
Survation,2023-03-15,1011,0.32,0.48,0.08,0.02,0.03
YouGov,2023-03-16,2155,0.27,0.46,0.09,0.06,0.06
Techne,2023-03-16,1632,0.3,0.47,0.08,0.04,0.05
BMG,2023-03-16,1546,0.29,0.46,0.08,0.04,0.06
PeoplePolling,2023-03-17,1289,0.2,0.45,0.09,0.13,0.06
Opinium,2023-03-17,2000,0.29,0.44,0.08,0.06,0.07
Redfield & Wilton,2023-03-19,2000,0.26,0.47,0.11,0.06,0.05
Savanta,2023-03-19,2175,0.31,0.45,0.09,0.03,0.04
Deltapoll,2023-03-20,1054,0.35,0.45,0.07,0.04,0.03
Survation,2023-03-20,812,0.31,0.46,0.08,0.02,0.04
PeoplePolling,2023-03-22,1175,0.22,0.43,0.1,0.08,0.09
YouGov,2023-03-22,2026,0.23,0.49,0.1,0.06,0.06
Techne,2023-03-23,1624,0.31,0.46,0.08,0.04,0.05
Omnisis,2023-03-24,1382,0.29,0.44,0.1,0.05,0.06
Survation,2023-03-24,831,0.31,0.45,0.08,0.03,0.04
Redfield & Wilton,2023-03-26,2000,0.27,0.46,0.1,0.04,0.08
Savanta,2023-03-26,2097,0.29,0.45,0.09,0.03,0.04
Deltapoll,2023-03-27,1569,0.3,0.45,0.1,0.04,0.04
PeoplePolling,2023-03-29,1209,0.24,0.42,0.09,0.07,0.08
Omnisis,2023-03-29,1344,0.27,0.5,0.09,0.04,0.06
Ipsos,2023-03-29,1004,0.26,0.49,0.11,0.06,0.02
YouGov,2023-03-30,2002,0.26,0.46,0.09,0.07,0.07
Techne,2023-03-30,1633,0.3,0.46,0.09,0.04,0.05
Opinium,2023-03-31,2050,0.29,0.44,0.09,0.05,0.07
Redfield & Wilton,2023-04-02,2000,0.28,0.45,0.12,0.04,0.05
Savanta,2023-04-02,2149,0.29,0.45,0.1,0.03,0.05
Survation,2023-04-02,1009,0.29,0.46,0.08,0.03,0.05
Deltapoll,2023-04-03,1587,0.27,0.48,0.09,0.04,0.05
Opinium,2023-04-06,2081,0.3,0.41,0.1,0.05,0.07
YouGov,2023-04-06,2042,0.27,0.44,0.09,0.07,0.06
Techne,2023-04-06,1629,0.3,0.45,0.09,0.05,0.05
Omnisis,2023-04-06,1328,0.26,0.46,0.1,0.05,0.07
Redfield & Wilton,2023-04-09,2000,0.3,0.44,0.1,0.05,0.06
More in Common,2023-04-11,2046,0.3,0.44,0.1,0.06,0.05
YouGov,2023-04-13,2010,0.27,0.45,0.1,0.05,0.06
Techne,2023-04-13,1630,0.3,0.45,0.1,0.04,0.06
Omnisis,2023-04-13,1340,0.25,0.48,0.09,0.05,0.07
Opinium,2023-04-14,1370,0.28,0.42,0.1,0.06,0.08
Redfield & Wilton,2023-04-16,2000,0.32,0.44,0.1,0.04,0.04
Savanta,2023-04-16,2237,0.31,0.45,0.08,0.03,0.05
Deltapoll,2023-04-17,1567,0.29,0.43,0.1,0.05,0.04
YouGov,2023-04-19,2010,0.28,0.43,0.1,0.06,0.07
Techne,2023-04-20,1626,0.31,0.44,0.1,0.05,0.05
Omnisis,2023-04-20,1318,0.27,0.47,0.07,0.06,0.07
Redfield & Wilton,2023-04-23,2000,0.29,0.44,0.11,0.05,0.06
Savanta,2023-04-23,2156,0.31,0.42,0.09,0.03,0.07
Deltapoll,2023-04-26,1576,0.3,0.43,0.09,0.05,0.05
YouGov,2023-04-27,2111,0.27,0.41,0.11,0.07,0.07
Techne,2023-04-27,1627,0.3,0.44,0.09,0.05,0.06
Omnisis,2023-04-27,1352,0.28,0.45,0.1,0.06,0.06
Opinium,2023-04-28,1425,0.26,0.44,0.1,0.07,0.07
Survation,2023-04-28,2014,0.28,0.45,0.12,0.04,0.03
Redfield & Wilton,2023-04-30,2000,0.28,0.45,0.12,0.04,0.07
Savanta,2023-04-30,2241,0.31,0.44,0.09,0.03,0.05
Deltapoll,2023-05-02,1561,0.29,0.44,0.11,0.04,0.04
Techne,2023-05-03,1632,0.29,0.44,0.11,0.05,0.06
YouGov,2023-05-04,2012,0.26,0.43,0.1,0.07,0.06
BMG,2023-05-04,1534,0.29,0.43,0.11,0.06,0.05
Omnisis,2023-05-05,1355,0.27,0.48,0.07,0.06,0.06
Redfield & Wilton,2023-05-07,2000,0.29,0.41,0.16,0.04,0.05
Savanta,2023-05-07,2168,0.3,0.46,0.09,0.03,0.05
Deltapoll,2023-05-09,1550,0.28,0.47,0.09,0.05,0.05
YouGov,2023-05-10,2001,0.25,0.43,0.11,0.08,0.07
Techne,2023-05-11,1625,0.28,0.45,0.11,0.05,0.05
Omnisis,2023-05-12,1355,0.24,0.51,0.1,0.04,0.06
Opinium,2023-05-12,2050,0.29,0.43,0.11,0.05,0.06
Redfield & Wilton,2023-05-14,2000,0.28,0.42,0.11,0.05,0.08
Savanta,2023-05-14,2214,0.29,0.46,0.09,0.03,0.05
More in Common,2023-05-15,2017,0.31,0.42,0.13,0.05,0.05
Deltapoll,2023-05-15,1511,0.29,0.45,0.12,0.04,0.05
Ipsos,2023-05-16,1006,0.28,0.44,0.13,0.06,0.02
YouGov,2023-05-18,2006,0.25,0.43,0.12,0.08,0.06
Techne,2023-05-18,1633,0.29,0.45,0.1,0.04,0.05
Omnisis,2023-05-18,1389,0.25,0.47,0.1,0.05,0.06
Redfield & Wilton,2023-05-21,2000,0.3,0.42,0.13,0.04,0.05
Savanta,2023-05-21,2043,0.3,0.46,0.09,0.03,0.05
Deltapoll,2023-05-22,1575,0.3,0.47,0.09,0.04,0.04
Kantar,2023-05-22,1143,0.29,0.42,0.11,0.05,0.05
Techne,2023-05-25,1625,0.3,0.44,0.11,0.05,0.04
YouGov,2023-05-26,2072,0.25,0.43,0.11,0.07,0.07
Omnisis,2023-05-26,1361,0.28,0.47,0.1,0.05,0.05
Opinium,2023-05-26,2062,0.28,0.43,0.09,0.07,0.06
Redfield & Wilton,2023-05-28,2000,0.28,0.43,0.12,0.07,0.05
Savanta,2023-05-28,2223,0.31,0.44,0.09,0.03,0.05
YouGov,2023-05-31,2000,0.25,0.44,0.11,0.07,0.06
BMG,2023-05-31,1529,0.27,0.44,0.1,0.07,0.07
Techne,2023-06-01,1630,0.29,0.43,0.12,0.06,0.04
Omnisis,2023-06-02,1351,0.25,0.46,0.1,0.07,0.06
Redfield & Wilton,2023-06-04,2000,0.3,0.44,0.12,0.05,0.05
Savanta,2023-06-04,2109,0.3,0.44,0.11,0.03,0.05
Deltapoll,2023-06-05,1525,0.29,0.43,0.13,0.05,0.05
YouGov,2023-06-07,2071,0.26,0.42,0.11,0.08,0.07
Techne,2023-06-08,1632,0.29,0.42,0.12,0.06,0.05
Omnisis,2023-06-09,1296,0.27,0.47,0.1,0.05,0.06
Opinium,2023-06-09,2107,0.29,0.41,0.11,0.07,0.06
Redfield & Wilton,2023-06-11,2000,0.3,0.44,0.13,0.04,0.06
Savanta,2023-06-11,2030,0.28,0.45,0.09,0.04,0.06
YouGov,2023-06-11,9903,0.26,0.44,0.1,0.07,0.07
Deltapoll,2023-06-12,1084,0.31,0.42,0.12,0.04,0.04
Techne,2023-06-15,1625,0.28,0.44,0.11,0.05,0.06
YouGov,2023-06-16,2072,0.24,0.43,0.11,0.08,0.07
Omnisis,2023-06-16,1306,0.26,0.48,0.1,0.06,0.05
Redfield & Wilton,2023-06-18,2000,0.26,0.46,0.12,0.06,0.07
Savanta,2023-06-18,2196,0.28,0.46,0.11,0.03,0.04
Deltapoll,2023-06-19,1554,0.27,0.46,0.1,0.06,0.05
More in Common,2023-06-19,1570,0.28,0.47,0.1,0.05,0.06
Survation,2023-06-19,1007,0.29,0.47,0.11,0.03,0.03
Ipsos,2023-06-20,1033,0.25,0.47,0.13,0.08,0.03
YouGov,2023-06-21,2294,0.22,0.47,0.11,0.08,0.07
Techne,2023-06-22,1629,0.29,0.45,0.1,0.05,0.05
Omnisis,2023-06-23,1336,0.27,0.47,0.09,0.06,0.06
Opinium,2023-06-23,2063,0.26,0.44,0.08,0.07,0.1
Redfield & Wilton,2023-06-25,2000,0.26,0.44,0.13,0.05,0.06
Savanta,2023-06-25,2322,0.31,0.43,0.1,0.03,0.05
Survation,2023-06-26,2054,0.28,0.45,0.11,0.03,0.04
Deltapoll,2023-06-26,1089,0.24,0.47,0.12,0.04,0.07
YouGov,2023-06-28,2047,0.24,0.46,0.1,0.07,0.08
Techne,2023-06-29,1631,0.27,0.46,0.11,0.05,0.06
BMG,2023-06-29,1500,0.29,0.43,0.11,0.07,0.06
Omnisis,2023-06-30,1351,0.26,0.48,0.08,0.05,0.07
Redfield & Wilton,2023-07-02,2000,0.28,0.46,0.11,0.05,0.05
Savanta,2023-07-02,2216,0.28,0.46,0.11,0.04,0.04
Survation,2023-07-02,1013,0.3,0.45,0.11,0.03,0.03
Deltapoll,2023-07-03,1507,0.25,0.48,0.1,0.05,0.05
YouGov,2023-07-06,2062,0.22,0.47,0.09,0.07,0.09
Techne,2023-07-06,1632,0.26,0.47,0.1,0.05,0.06
Omnisis,2023-07-07,1312,0.25,0.51,0.08,0.05,0.05
Opinium,2023-07-07,1473,0.28,0.43,0.09,0.06,0.08
Redfield & Wilton,2023-07-09,2000,0.27,0.48,0.11,0.03,0.05
Savanta,2023-07-09,2242,0.3,0.45,0.1,0.03,0.05
Survation,2023-07-09,838,0.28,0.46,0.12,0.03,0.04
Deltapoll,2023-07-10,1617,0.28,0.46,0.09,0.07,0.04
YouGov,2023-07-11,2015,0.25,0.43,0.11,0.07,0.09
Techne,2023-07-13,1628,0.26,0.46,0.11,0.05,0.06
Omnisis,2023-07-14,1361,0.25,0.47,0.1,0.05,0.06
Redfield & Wilton,2023-07-16,2000,0.27,0.44,0.13,0.04,0.08
Savanta,2023-07-16,2265,0.28,0.46,0.11,0.03,0.05
Deltapoll,2023-07-17,1000,0.24,0.48,0.11,0.05,0.06
More in Common,2023-07-18,1584,0.29,0.44,0.12,0.05,0.05
YouGov,2023-07-20,2069,0.25,0.44,0.1,0.07,0.08
Techne,2023-07-20,1632,0.26,0.45,0.11,0.05,0.07
Omnisis,2023-07-21,1380,0.25,0.47,0.1,0.05,0.07
Opinium,2023-07-21,1468,0.25,0.42,0.11,0.06,0.1
Redfield & Wilton,2023-07-23,2000,0.28,0.45,0.14,0.04,0.06
Savanta,2023-07-23,2240,0.28,0.47,0.1,0.03,0.04
Ipsos,2023-07-23,1065,0.28,0.45,0.12,0.06,0.03
Deltapoll,2023-07-24,1482,0.26,0.49,0.09,0.05,0.04
YouGov,2023-07-26,2000,0.25,0.45,0.1,0.07,0.07
BMG,2023-07-26,1524,0.27,0.44,0.14,0.04,0.07
Techne,2023-07-27,1624,0.25,0.45,0.1,0.06,0.08
Omnisis,2023-07-28,1339,0.25,0.48,0.1,0.06,0.06
Redfield & Wilton,2023-07-30,2000,0.28,0.43,0.11,0.05,0.07
Deltapoll,2023-07-31,1556,0.25,0.48,0.11,0.05,0.06
YouGov,2023-08-03,2313,0.25,0.47,0.1,0.06,0.07
Techne,2023-08-03,1624,0.26,0.46,0.1,0.05,0.07
Omnisis,2023-08-04,1420,0.25,0.47,0.11,0.05,0.07
Opinium,2023-08-04,1484,0.26,0.4,0.1,0.07,0.1
FindOutNow/Electoral Calculus,2023-08-04,11142,0.24,0.44,0.12,0.08,0.06
Redfield & Wilton,2023-08-06,2000,0.27,0.45,0.1,0.06,0.08
Deltapoll,2023-08-07,1023,0.26,0.47,0.12,0.04,0.04
Omnisis,2023-08-11,1345,0.24,0.48,0.1,0.06,0.06
Deltapoll,2023-08-11,1504,0.29,0.46,0.12,0.05,0.04
Redfield & Wilton,2023-08-13,2000,0.28,0.48,0.1,0.04,0.05
More in Common,2023-08-16,2052,0.29,0.44,0.11,0.06,0.06
Omnisis,2023-08-18,1315,0.28,0.44,0.1,0.05,0.07
YouGov,2023-08-18,2122,0.26,0.45,0.1,0.08,0.07
Opinium,2023-08-18,1452,0.26,0.41,0.11,0.07,0.09
Redfield & Wilton,2023-08-20,2000,0.27,0.42,0.13,0.06,0.07
Deltapoll,2023-08-21,1520,0.25,0.5,0.09,0.07,0.04
YouGov,2023-08-23,2106,0.24,0.44,0.09,0.08,0.09
BMG,2023-08-23,1338,0.29,0.44,0.1,0.04,0.08
We Think,2023-08-24,1356,0.26,0.47,0.11,0.05,0.06
Deltapoll,2023-08-25,1061,0.3,0.46,0.12,0.03,0.05
Redfield & Wilton,2023-08-27,2000,0.28,0.44,0.12,0.04,0.07
Savanta,2023-08-27,2159,0.29,0.46,0.1,0.04,0.05
Techne,2023-08-31,1633,0.24,0.45,0.11,0.06,0.08
YouGov,2023-08-31,NA,0.26,0.44,0.1,0.07,0.07
Opinium,2023-09-01,1400,0.28,0.42,0.09,0.08,0.08
We Think,2023-09-01,1294,0.25,0.46,0.11,0.05,0.07
Redfield & Wilton,2023-09-03,2000,0.28,0.44,0.14,0.04,0.06
Deltapoll,2023-09-04,2009,0.28,0.46,0.1,0.05,0.07